{"accuracy": 0.848, "precision": 0.8943089430894309, "recall": 0.8148148148148148}